/* Database Systems, 10th Ed., Coronel/Morris/Rob */
/* Type of SQL : Oracle */

ALTER SESSION SET NLS_DATE_FORMAT = 'MM/DD/YYYY';

DROP TABLE AIRCRAFT;
DROP TABLE CHARTER;
DROP TABLE EMP;
DROP TABLE CREW;

CREATE TABLE AIRCRAFT (
AC_NUMBER varchar2(5),
AC_HOURS_FLOWN number(8,1)
);

INSERT INTO AIRCRAFT VALUES('1484P',3833.1);
INSERT INTO AIRCRAFT VALUES('2289L',1243.8);
INSERT INTO AIRCRAFT VALUES('2778V',5992.9);
INSERT INTO AIRCRAFT VALUES('4278Y',647.3);

/* -- */

CREATE TABLE CHARTER (
CHAR_TRIP integer,
CHAR_DATE date,
AC_NUMBER varchar2(5),
CHAR_DESTINATION varchar2(3),
CHAR_DISTANCE number(8,1),
CHAR_HOURS_FLOWN number(8,1)
);

INSERT INTO CHARTER VALUES(10001,to_date('2/5/2012'),'2289L','ATL',936,5.1);
INSERT INTO CHARTER VALUES(10002,to_date('2/5/2012'),'2778V','BNA',320,1.6);
INSERT INTO CHARTER VALUES(10003,to_date('2/5/2012'),'4278Y','GNV',1574,7.8);
INSERT INTO CHARTER VALUES(10004,to_date('2/6/2012'),'1484P','STL',472,2.9);
INSERT INTO CHARTER VALUES(10005,to_date('2/6/2012'),'2289L','ATL',1023,5.7);
INSERT INTO CHARTER VALUES(10006,to_date('2/6/2012'),'4278Y','STL',472,2.6);
INSERT INTO CHARTER VALUES(10007,to_date('2/6/2012'),'2778V','GNV',1574,7.9);
INSERT INTO CHARTER VALUES(10008,to_date('2/7/2012'),'1484P','TYS',644,4.1);
INSERT INTO CHARTER VALUES(10009,to_date('2/7/2012'),'2289L','GNV',1574,6.6);
INSERT INTO CHARTER VALUES(10010,to_date('2/7/2012'),'4278Y','ATL',998,6.2);
INSERT INTO CHARTER VALUES(10011,to_date('2/7/2012'),'1484P','BNA',352,1.9);
INSERT INTO CHARTER VALUES(10012,to_date('2/8/2012'),'2778V','MOB',884,4.8);
INSERT INTO CHARTER VALUES(10013,to_date('2/8/2012'),'4278Y','TYS',644,3.9);
INSERT INTO CHARTER VALUES(10014,to_date('2/9/2012'),'4278Y','ATL',936,6.1);
INSERT INTO CHARTER VALUES(10015,to_date('2/9/2012'),'2289L','GNV',1645,6.7);
INSERT INTO CHARTER VALUES(10016,to_date('2/9/2012'),'2778V','MQY',312,1.5);
INSERT INTO CHARTER VALUES(10017,to_date('2/10/2012'),'1484P','STL',508,3.1);
INSERT INTO CHARTER VALUES(10018,to_date('2/10/2012'),'4278Y','TYS',644,3.8);

/* -- */

CREATE TABLE CREW (
CHAR_TRIP integer,
EMP_NUM integer,
CREW_JOB varchar2(20)
);
INSERT INTO CREW VALUES(10001,104,'Pilot');
INSERT INTO CREW VALUES(10002,101,'Pilot');
INSERT INTO CREW VALUES(10003,105,'Pilot');
INSERT INTO CREW VALUES(10003,109,'Copilot');
INSERT INTO CREW VALUES(10004,106,'Pilot');
INSERT INTO CREW VALUES(10005,101,'Pilot');
INSERT INTO CREW VALUES(10006,109,'Pilot');
INSERT INTO CREW VALUES(10007,104,'Pilot');
INSERT INTO CREW VALUES(10007,105,'Copilot');
INSERT INTO CREW VALUES(10008,106,'Pilot');
INSERT INTO CREW VALUES(10009,105,'Pilot');
INSERT INTO CREW VALUES(10010,108,'Pilot');
INSERT INTO CREW VALUES(10011,101,'Pilot');
INSERT INTO CREW VALUES(10011,104,'Copilot');
INSERT INTO CREW VALUES(10012,101,'Pilot');
INSERT INTO CREW VALUES(10013,105,'Pilot');
INSERT INTO CREW VALUES(10014,106,'Pilot');
INSERT INTO CREW VALUES(10015,101,'Copilot');
INSERT INTO CREW VALUES(10015,104,'Pilot');
INSERT INTO CREW VALUES(10016,105,'Copilot');
INSERT INTO CREW VALUES(10016,109,'Pilot');
INSERT INTO CREW VALUES(10017,101,'Pilot');
INSERT INTO CREW VALUES(10018,104,'Copilot');
INSERT INTO CREW VALUES(10018,105,'Pilot');

/* -- */

CREATE TABLE EMP (
EMP_NUM integer,
EMP_TITLE varchar2(4),
EMP_LNAME varchar2(15),
EMP_FNAME varchar2(15),
EMP_DOB date,
EMP_HIRE_DATE date
);
INSERT INTO EMP VALUES(100,'Mr.','Kolmycz','George','6/15/1942','3/15/1987');
INSERT INTO EMP VALUES(101,'Ms.','Lewis','Rhonda','3/19/1965','4/25/1988');
INSERT INTO EMP VALUES(102,'Mr.','VanDam','Rhett','11/14/1958','12/20/1992');
INSERT INTO EMP VALUES(103,'Ms.','Jones','Anne','10/16/1974','8/28/2005');
INSERT INTO EMP VALUES(104,'Mr.','Lange','John','11/8/1971','10/20/1996');
INSERT INTO EMP VALUES(105,'Mr.','Williams','Robert','3/14/1975','1/8/2006');
INSERT INTO EMP VALUES(106,'Mrs.','Duzak','Jeanine','2/12/1968','1/5/1991');
INSERT INTO EMP VALUES(107,'Mr.','Diante','Jorge','8/21/1974','7/2/1996');
INSERT INTO EMP VALUES(108,'Mr.','Wiesenbach','Paul','2/14/1966','11/18/1994');
INSERT INTO EMP VALUES(109,'Ms.','Travis','Elizabeth','6/18/1961','4/14/1991');
INSERT INTO EMP VALUES(110,'Mrs.','Genkazi','Leighla','5/19/1970','12/1/1992');



